{"cameraMode":{"drawMode":0,"name":"Shaded","section":"Shading Mode"},"sceneLighting":false,"audioPlay":false,"sceneViewState":{"showFog":true,"showMaterialUpdate":false,"showSkybox":false,"showFlares":true,"showImageEffects":true,"showParticleSystems":true,"showVisualEffectGraphs":true,"m_FxEnabled":true},"in2DMode":false,"pivot":{"x":2.3502488136291506,"y":3.382999897003174,"z":-0.1865839809179306},"rotation":{"x":-0.051705822348594668,"y":0.6940731406211853,"z":-0.05047690495848656,"w":-0.7165219783782959},"size":0.022781942039728166,"orthographic":false}