{"cameraMode":{"drawMode":0,"name":"Shaded","section":"Shading Mode"},"sceneLighting":true,"audioPlay":false,"sceneViewState":{"showFog":true,"showMaterialUpdate":false,"showSkybox":true,"showFlares":true,"showImageEffects":true,"showParticleSystems":true,"showVisualEffectGraphs":true,"m_FxEnabled":true},"in2DMode":false,"pivot":{"x":0.04036679491400719,"y":-0.5074651837348938,"z":6.339163303375244},"rotation":{"x":0.06739094853401184,"y":0.14509138464927674,"z":-0.007663014344871044,"w":0.9875465035438538},"size":7.971547603607178,"orthographic":false}