{"cameraMode":{"drawMode":0,"name":"Shaded","section":"Shading Mode"},"sceneLighting":true,"audioPlay":false,"sceneViewState":{"showFog":true,"showMaterialUpdate":false,"showSkybox":true,"showFlares":true,"showImageEffects":true,"showParticleSystems":true,"showVisualEffectGraphs":true,"m_FxEnabled":true},"in2DMode":false,"pivot":{"x":7.625577449798584,"y":11.907029151916504,"z":-44.179622650146487},"rotation":{"x":0.08812803775072098,"y":-0.5359315872192383,"z":0.05675031617283821,"w":0.8378528952598572},"size":3.7883987426757814,"orthographic":false}