{"cameraMode":{"drawMode":0,"name":"Shaded","section":"Shading Mode"},"sceneLighting":false,"audioPlay":false,"sceneViewState":{"showFog":true,"showMaterialUpdate":false,"showSkybox":false,"showFlares":true,"showImageEffects":true,"showParticleSystems":true,"showVisualEffectGraphs":true,"m_FxEnabled":true},"in2DMode":false,"pivot":{"x":-9.406458854675293,"y":0.8734034299850464,"z":-7.130198001861572},"rotation":{"x":-0.0046488819643855099,"y":0.9771513342857361,"z":-0.03155439347028732,"w":-0.21250244975090028},"size":0.8102474808692932,"orthographic":false}