{"cameraMode":{"drawMode":0,"name":"Shaded","section":"Shading Mode"},"sceneLighting":false,"audioPlay":false,"sceneViewState":{"showFog":true,"showMaterialUpdate":false,"showSkybox":false,"showFlares":true,"showImageEffects":true,"showParticleSystems":true,"showVisualEffectGraphs":true,"m_FxEnabled":true},"in2DMode":false,"pivot":{"x":0.011169416829943657,"y":12.904630661010743,"z":1.3462010622024537},"rotation":{"x":0.304238498210907,"y":0.03709281608462334,"z":-0.011882566846907139,"w":0.952035129070282},"size":4.507394790649414,"orthographic":false}