{"cameraMode":{"drawMode":0,"name":"Shaded","section":"Shading Mode"},"sceneLighting":true,"audioPlay":false,"sceneViewState":{"showFog":true,"showMaterialUpdate":false,"showSkybox":true,"showFlares":true,"showImageEffects":true,"showParticleSystems":true,"showVisualEffectGraphs":true,"m_FxEnabled":true},"in2DMode":false,"pivot":{"x":-9.316237449645996,"y":6.4125518798828129,"z":-33.532310485839847},"rotation":{"x":-0.0661851167678833,"y":0.05148455873131752,"z":-0.003356988774612546,"w":-0.9965935349464417},"size":3.4331672191619875,"orthographic":false}