{"cameraMode":{"drawMode":0,"name":"Shaded","section":"Shading Mode"},"sceneLighting":false,"audioPlay":false,"sceneViewState":{"showFog":true,"showMaterialUpdate":false,"showSkybox":false,"showFlares":true,"showImageEffects":true,"showParticleSystems":true,"showVisualEffectGraphs":true,"m_FxEnabled":true},"in2DMode":false,"pivot":{"x":2.2183279991149904,"y":3.4065849781036379,"z":-0.14365696907043458},"rotation":{"x":0.016884129494428636,"y":-0.8987522721290588,"z":-0.03480275347828865,"w":-0.436806321144104},"size":0.030628204345703126,"orthographic":false}